feature_x,feature_y,corr
loanAmnt,installment,0.9533692932239131
interestRate,grade,0.9532685750717439
interestRate,subGrade,0.9708469479718348
grade,subGrade,0.9939067441072746
ficoRangeLow,ficoRangeHigh,0.9999999288414679
openAcc,n7,0.817523495370809
openAcc,n10,0.9838900341270191
n1,n2,0.8081573447236511
n1,n3,0.8081573447236511
n1,n4,0.8266510426867069
n1,n9,0.801243568608452
n2,n3,1.0
n2,n9,0.9820448979716367
n3,n9,0.9820448979716367
n5,n8,0.838420270694751
n7,n10,0.826807072189599
